{"Abruzzo": 0.8936608660713671, "Basilicata": 0.8966951122373074, "Calabria": 1.2084738494911247, "Campania": 0.873629091131724, "Emilia-Romagna": 0.8474525494519948, "Friuli Venezia Giulia": 0.8878109897978081, "Lazio": 1.0204839411008353, "Liguria": 1.1818154183984237, "Lombardia": 0.9566213992526268, "Marche": 0.859350763004222, "Molise": 0.6727460361126317, "P.A. Bolzano": 0.8964692006201653, "P.A. Trento": 0.8454182926470616, "Piemonte": 1.0155979454680546, "Puglia": 1.1076253563536453, "Sardegna": 1.5628005372855787, "Sicilia": 1.1257721278675767, "Toscana": 1.0316852620392258, "Umbria": 0.989472472493232, "Valle d'Aosta": 1.4543839171503166, "Veneto": 1.0230123767162467}